combo,k_mcp,k_pip,k_dip,Tmax_N,status,grip_close_N,final_slip_mm
Uniform — medium (S2·S2·S2),0.165,0.165,0.165,30.171428571428574,slip,0.0,8.007362091362335
Graded stiff→soft (S1·S2·S3),0.789,0.165,0.072,24.792857142857144,slip,11.726086349795608,8.008400064889305
Graded soft→stiff (S3·S2·S1),0.072,0.165,0.789,55.628571428571426,slip,31.474248970916932,8.009619050756596
