combo,k_mcp,k_pip,k_dip,Tmax_N,status,grip_close_N,final_slip_mm
Uniform — medium (S2·S2·S2),0.165,0.165,0.165,25.671428571428574,slip,0.0,8.00062700553607
Graded stiff→soft (S1·S2·S3),0.789,0.165,0.072,17.507142857142856,slip,12.126172648049273,8.014881920672478
Graded soft→stiff (S3·S2·S1),0.072,0.165,0.789,56.74285714285714,slip,43.1919567122082,8.00790456949312
